Workbook

Sheet Dashboard
A1: 📊 DASHBOARD - QUẢN LÝ ĐẦU TƯ CRYPTO
A3: 💰 Tổng Vốn Đầu Tư | C3: 📈 Giá Trị Hiện Tại | E3: 💵 P&L Tổng
A4: =Portfolio!G5 -> 448.75 | C4: =Portfolio!J5 -> 474.25 | E4: =Portfolio!K5 -> 25.5
A6: 🎯 ROI % | C6: 🪙 Số Token Đang Giữ | E6: 📝 Tổng Số Giao Dịch
A7: =Portfolio!L5 -> 0.056824513 | C7: =COUNTA(Portfolio!A2:A50)-1 -> 2 | E7: =COUNTA(Transactions!A2:A1000) -> 3
A11: 🌐 PHÂN BỔ THEO MẠNG
A12: Mạng | B12: Tổng Giá Trị USD | C12: % Danh Mục
A13: ETH | B13: =SUMIFS(Portfolio!J:J,Portfolio!B:B,A13) -> 14.25 | C13: =IFERROR(B13/SUM($B$13:$B$18),0) -> 0.030047443
A14: BSC | B14: =SUMIFS(Portfolio!J:J,Portfolio!B:B,A14) -> 0 | C14: =IFERROR(B14/SUM($B$13:$B$18),0) -> 0
A15: BASE | B15: =SUMIFS(Portfolio!J:J,Portfolio!B:B,A15) -> 460 | C15: =IFERROR(B15/SUM($B$13:$B$18),0) -> 0.96995256
A16: SONEIUM | B16: =SUMIFS(Portfolio!J:J,Portfolio!B:B,A16) -> 0 | C16: =IFERROR(B16/SUM($B$13:$B$18),0) -> 0
A17: ARB | B17: =SUMIFS(Portfolio!J:J,Portfolio!B:B,A17) -> 0 | C17: =IFERROR(B17/SUM($B$13:$B$18),0) -> 0
A18: KATANA | B18: =SUMIFS(Portfolio!J:J,Portfolio!B:B,A18) -> 0 | C18: =IFERROR(B18/SUM($B$13:$B$18),0) -> 0

Sheet Transactions
A1: Ngày | B1: Loại | C1: Token | D1: Mạng | E1: Contract Address | F1: Số lượng Token | G1: Giá/Token (USD) | H1: Tổng giá trị (USD) | I1: Đồng thanh toán | J1: Phí Gas (USD) | K1: Tx Hash | L1: Ghi chú
A2: 2025-01-15 | B2: BUY | C2: PEPE | D2: ETH | E2: 0x6982508145454ce325ddbe47a25d4ec3d2311933 | F2: 1000000 | G2: 8.5e-06 | H2: =F2*G2 -> 8.5 | I2: USDT | J2: 5.2 | K2: 0xabc... | L2: DCA lần 1
A3: 2025-02-10 | B3: BUY | C3: PEPE | D3: ETH | E3: 0x6982508145454ce325ddbe47a25d4ec3d2311933 | F3: 500000 | G3: 9.5e-06 | H3: =F3*G3 -> 4.75 | I3: USDT | J3: 4.8 | K3: 0xdef... | L3: DCA lần 2
A4: 2025-03-05 | B4: BUY | C4: BRETT | D4: BASE | E4: 0x532f27101965dd16442e59d40670faf5ebb142e4 | F4: 5000 | G4: 0.085 | H4: =F4*G4 -> 425 | I4: USDT | J4: 0.5 | K4: 0xghi... | L4: Mua mới

Sheet Portfolio
A1: Token | B1: Mạng | C1: Contract | D1: Tổng SL Mua | E1: Tổng SL Bán | F1: SL Đang Giữ | G1: Tổng Chi USD | H1: Giá TB Mua | I1: Giá Hiện Tại | J1: Giá Trị Hiện Tại | K1: P&L USD | L1: P&L % | M1: Target Chốt Lời | N1: Stop Loss | O1: % Danh Mục
A2: PEPE | B2: ETH | C2: 0x6982508145454ce325ddbe47a25d4ec3d2311933 | D2: =SUMIFS(Transactions!F:F,Transactions!C:C,A2,Transactions!B:B,"BUY") -> 1500000 | E2: =SUMIFS(Transactions!F:F,Transactions!C:C,A2,Transactions!B:B,"SELL") -> 0 | F2: =D2-E2 -> 1500000 | G2: =SUMIFS(Transactions!H:H,Transactions!C:C,A2,Transactions!B:B,"BUY")+SUMIFS(Transactions!J:J,Transactions!C:C,A2) -> 23.25 | H2: =IFERROR(G2/D2,0) -> 1.55e-05 | I2: 9.5e-06 | J2: =F2*I2 -> 14.25 | K2: =J2-G2 -> -9 | L2: =IFERROR((J2-G2)/G2,0) -> -0.38709677 | M2: 5e-05 | N2: 5e-06 | O2: =IFERROR(J2/SUM($J$2:$J$50),0) -> 0.015023722
A3: BRETT | B3: BASE | C3: 0x532f27101965dd16442e59d40670faf5ebb142e4 | D3: =SUMIFS(Transactions!F:F,Transactions!C:C,A3,Transactions!B:B,"BUY") -> 5000 | E3: =SUMIFS(Transactions!F:F,Transactions!C:C,A3,Transactions!B:B,"SELL") -> 0 | F3: =D3-E3 -> 5000 | G3: =SUMIFS(Transactions!H:H,Transactions!C:C,A3,Transactions!B:B,"BUY")+SUMIFS(Transactions!J:J,Transactions!C:C,A3) -> 425.5 | H3: =IFERROR(G3/D3,0) -> 0.0851 | I3: 0.092 | J3: =F3*I3 -> 460 | K3: =J3-G3 -> 34.5 | L3: =IFERROR((J3-G3)/G3,0) -> 0.081081081 | M3: 0.5 | N3: 0.05 | O3: =IFERROR(J3/SUM($J$2:$J$50),0) -> 0.48497628
A5: TỔNG | G5: =SUM(G2:G3) -> 448.75 | J5: =SUM(J2:J3) -> 474.25 | K5: =SUM(K2:K3) -> 25.5 | L5: =IFERROR(K5/G5,0) -> 0.056824513

Sheet Alerts
A1: Token | B1: Mạng | C1: Loại Alert | D1: Giá Trigger | E1: Trạng Thái | F1: Lần Cuối Check | G1: Ghi Chú
A2: PEPE | B2: ETH | C2: TAKE_PROFIT | D2: 5e-05 | E2: ACTIVE | G2: Chốt lời x5
A3: PEPE | B3: ETH | C3: STOP_LOSS | D3: 5e-06 | E3: ACTIVE | G3: Cắt lỗ nếu xuống
A4: BRETT | B4: BASE | C4: TAKE_PROFIT | D4: 0.5 | E4: ACTIVE | G4: Target ATH

Sheet Hướng_Dẫn
A1: 📖 HƯỚNG DẪN SỬ DỤNG
A3: 🎯 MỤC ĐÍCH
A4: App quản lý danh mục đầu tư crypto: theo dõi giá mua, tính P&L tự động, cảnh báo khi đạt target.
A6: 📋 CÁC SHEET
A7: 1. Dashboard: Xem tổng quan - tự động cập nhật từ các sheet khác
A8: 2. Transactions: Nhập từng giao dịch mua/bán. Mỗi lần mua thêm = 1 dòng mới
A9: 3. Portfolio: Tổng hợp tự động theo token - giá TB, P&L, % danh mục
A10: 4. Alerts: Đặt cảnh báo Telegram khi giá chạm target
A12: ✅ CÁCH NHẬP DỮ LIỆU
A13: • Ô MÀU XANH = bạn nhập tay
A14: • Ô MÀU ĐEN = công thức tự tính, KHÔNG sửa
A15: • Ô MÀU XANH LÁ = link sang sheet khác, KHÔNG sửa
... A28: 3. Chạy: python telegram_alert.py - bot cảnh báo khi giá đạt target
